City_ID,City,Country,Date,Lat,Lng,Max Temp,Humidity,Cloudiness,Wind Speed
0,Avarua,CK,2021-08-13 02:13:45,-21.2078,-159.775,66.25,88,75,19.57
1,New Norfolk,AU,2021-08-13 02:09:18,-42.7826,147.0587,56.71,65,91,5.01
2,Nuuk,GL,2021-08-13 02:15:14,64.1835,-51.7216,52.41,66,75,12.66
3,San Patricio,US,2021-08-13 02:14:20,28.017,-97.5169,85.91,67,57,11.9
4,Robertsport,LR,2021-08-13 02:17:45,6.7533,-11.3686,77.04,88,100,13.4
5,Chuy,UY,2021-08-13 02:13:48,-33.6971,-53.4616,43.56,87,0,5.14
6,Albany,US,2021-08-13 02:12:38,42.6001,-73.9662,75.31,93,82,10.38
7,Geraldton,AU,2021-08-13 02:14:16,-28.7667,114.6,54.01,71,0,16.11
8,Ilulissat,GL,2021-08-13 02:14:13,69.2167,-51.1,48.22,57,20,6.91
9,Te Anau,NZ,2021-08-13 02:14:59,-45.4167,167.7167,48.69,77,52,3.83
10,Kaitangata,NZ,2021-08-13 02:13:59,-46.2817,169.8464,52.72,63,6,7.31
11,Butaritari,KI,2021-08-13 02:14:06,3.0707,172.7902,81.93,77,35,7.31
12,Ostrovnoy,RU,2021-08-13 02:16:20,68.0531,39.5131,60.58,70,100,2.89
13,Sur,OM,2021-08-13 02:14:29,22.5667,59.5289,86.09,65,95,4.85
14,Saint-Philippe,RE,2021-08-13 02:13:40,-21.3585,55.7679,69.35,82,40,8.12
15,Hofn,IS,2021-08-13 02:15:35,64.2539,-15.2082,53.1,87,100,13.42
16,Touros,BR,2021-08-13 02:13:56,-5.1989,-35.4608,72.5,80,2,13.4
17,Arraial Do Cabo,BR,2021-08-13 02:14:01,-22.9661,-42.0278,68.79,84,100,17.45
18,Port-Gentil,GA,2021-08-13 02:17:46,-0.7193,8.7815,76.86,78,40,10.02
19,Busselton,AU,2021-08-13 02:13:37,-33.65,115.3333,56.05,75,100,6.58
20,Mahebourg,MU,2021-08-13 02:14:46,-20.4081,57.7,71.26,82,22,12.68
21,Cape Town,ZA,2021-08-13 02:12:28,-33.9258,18.4232,52.12,76,0,1.01
22,Pombas,CV,2021-08-13 02:17:47,17.1503,-25.0201,74.98,81,21,13.78
23,Rikitea,PF,2021-08-13 02:13:43,-23.1203,-134.9692,74.62,83,6,14.43
24,Bacolod,PH,2021-08-13 02:17:47,10.6667,122.95,85.87,69,44,3.65
25,Sao Joao Da Barra,BR,2021-08-13 02:13:50,-21.6403,-41.0511,69.19,88,57,9.69
26,Baykit,RU,2021-08-13 02:16:09,61.67,96.37,66.56,67,98,3.58
27,Port Alfred,ZA,2021-08-13 02:13:54,-33.5906,26.891,53.58,69,68,10.56
28,Hervey Bay,AU,2021-08-13 02:17:48,-25.2986,152.8535,73.51,62,0,1.48
29,Vila Velha,BR,2021-08-13 02:14:12,-20.3297,-40.2925,69.75,88,75,2.3
30,Port Hardy,CA,2021-08-13 02:16:36,50.6996,-127.4199,77.18,57,20,3.44
31,Torbay,CA,2021-08-13 02:14:25,47.6666,-52.7314,59.58,87,100,7.99
32,Mahajanga,MG,2021-08-13 02:17:49,-15.7167,46.3167,66.22,94,20,3.44
33,Ternate,ID,2021-08-13 02:17:49,0.8,127.4,83.34,71,25,3.31
34,Tura,IN,2021-08-13 02:14:28,25.5198,90.2201,74.98,96,100,7.74
35,Dikson,RU,2021-08-13 02:14:32,73.5069,80.5464,44.73,99,98,11.5
36,Kencong,ID,2021-08-13 02:17:50,-8.2833,113.3667,81.34,73,78,2.46
37,East London,ZA,2021-08-13 02:14:39,-33.0153,27.9116,56.52,62,98,12.57
38,Caravelas,BR,2021-08-13 02:14:23,-17.7125,-39.2481,68.9,90,18,4.5
39,Banamba,ML,2021-08-13 02:17:12,13.55,-7.45,76.82,82,98,6.8
40,Gizo,SB,2021-08-13 02:17:50,-8.103,156.8419,82.94,72,100,8.97
41,Bluff,NZ,2021-08-13 02:13:45,-46.6,168.3333,52.81,72,15,16.02
42,Naron,ES,2021-08-13 02:17:51,43.5167,-8.1528,65.01,93,8,4.92
43,Tasiilaq,GL,2021-08-13 02:13:37,65.6145,-37.6368,46.56,71,100,3.69
44,Yellowknife,CA,2021-08-13 02:14:13,62.456,-114.3525,60.06,61,56,8.39
45,Leningradskiy,RU,2021-08-13 02:13:37,69.3833,178.4167,53.01,53,100,3.96
46,Chabahar,IR,2021-08-13 02:17:51,25.2919,60.643,79.59,84,38,9.71
47,Vaini,TO,2021-08-13 02:13:40,-21.2,-175.2,73.56,78,40,12.66
48,Klaksvik,FO,2021-08-13 02:13:33,62.2266,-6.589,54.52,92,98,14.56
49,Upernavik,GL,2021-08-13 02:13:55,72.7868,-56.1549,43.27,87,100,10.83
50,Axim,GH,2021-08-13 02:17:52,4.8699,-2.2405,75.79,83,97,8.68
51,Atuona,PF,2021-08-13 02:13:43,-9.8,-139.0333,77.13,72,75,11.74
52,Punta Arenas,CL,2021-08-13 02:13:43,-53.15,-70.9167,45.97,81,94,24.87
53,Westport,US,2021-08-13 02:14:36,41.1415,-73.3579,84.34,80,1,3.0
54,Kahului,US,2021-08-13 02:14:39,20.8947,-156.47,85.26,69,1,21.85
55,Kapaa,US,2021-08-13 02:14:07,22.0752,-159.319,85.98,70,40,3.0
56,Ushuaia,AR,2021-08-13 02:11:28,-54.8,-68.3,39.94,95,93,3.89
57,Qaanaaq,GL,2021-08-13 02:13:48,77.484,-69.3632,37.53,71,18,3.13
58,Saint Anthony,US,2021-08-13 02:13:49,45.0205,-93.218,73.92,43,1,1.01
59,Broken Hill,AU,2021-08-13 02:14:48,-31.95,141.4333,58.64,48,3,2.8
60,Sorrento,IT,2021-08-13 02:17:53,40.626,14.3744,84.29,57,0,2.3
61,Sao Filipe,CV,2021-08-13 02:15:26,14.8961,-24.4956,75.27,80,15,10.63
62,Constitucion,CL,2021-08-13 02:15:53,-35.3333,-72.4167,46.63,87,0,1.48
63,Nikolskoye,RU,2021-08-13 02:13:46,59.7035,30.7861,64.29,94,100,14.09
64,Mataura,NZ,2021-08-13 02:13:39,-46.1927,168.8643,52.48,62,7,4.23
65,Barrow,US,2021-08-13 02:13:33,71.2906,-156.7887,37.42,75,90,10.36
66,Verkhnevilyuysk,RU,2021-08-13 02:17:54,63.4453,120.3167,77.09,42,42,5.44
67,Bubaque,GW,2021-08-13 02:17:54,11.2833,-15.8333,79.79,77,91,4.88
68,Asti,IT,2021-08-13 02:17:55,44.8979,8.2068,78.51,70,42,1.45
69,Yar-Sale,RU,2021-08-13 02:16:31,66.8333,70.8333,59.4,69,100,10.02
70,Hualmay,PE,2021-08-13 02:14:37,-11.0964,-77.6139,61.93,81,71,11.21
71,Bredasdorp,ZA,2021-08-13 02:13:44,-34.5322,20.0403,41.29,77,84,0.51
72,Khatanga,RU,2021-08-13 02:13:56,71.9667,102.5,49.64,73,100,9.1
73,Ribeira Grande,PT,2021-08-13 02:15:36,38.5167,-28.7,73.56,86,21,25.9
74,Chokurdakh,RU,2021-08-13 02:14:36,70.6333,147.9167,55.62,81,100,7.96
75,Carnarvon,AU,2021-08-13 02:14:13,-24.8667,113.6333,66.27,26,0,8.05
76,Hermanus,ZA,2021-08-13 02:14:04,-34.4187,19.2345,51.91,77,13,9.75
77,Naze,JP,2021-08-13 02:14:24,28.3667,129.4833,79.83,83,99,18.63
78,Victoria,HK,2021-08-13 02:11:44,22.2855,114.1577,87.96,82,92,1.01
79,Los Llanos De Aridane,ES,2021-08-13 02:15:56,28.6585,-17.9182,69.55,85,20,12.66
80,Athabasca,CA,2021-08-13 02:15:06,54.7169,-113.2854,69.62,36,80,9.91
81,Salalah,OM,2021-08-13 02:14:09,17.0151,54.0924,77.09,83,75,1.14
82,Santa Catalina,PH,2021-08-13 02:17:56,9.3337,122.8637,85.89,66,87,0.74
83,Puerto Guzman,CO,2021-08-13 02:17:57,0.9703,-76.5858,70.27,98,100,4.25
84,Esperance,AU,2021-08-13 02:13:44,-33.8667,121.9,58.08,63,4,10.42
85,Castro,BR,2021-08-13 02:13:34,-24.7911,-50.0119,48.31,98,100,8.16
86,Thompson,CA,2021-08-13 02:13:57,55.7435,-97.8558,47.48,64,100,12.37
87,Saskylakh,RU,2021-08-13 02:14:16,71.9167,114.0833,46.31,76,100,10.49
88,Lompoc,US,2021-08-13 02:09:48,34.6391,-120.4579,82.02,86,20,9.22
89,Yelizovo,RU,2021-08-13 02:17:58,53.1873,158.3805,68.14,52,20,6.71
90,Jamestown,US,2021-08-13 02:08:47,42.097,-79.2353,76.59,86,1,5.01
91,Christchurch,NZ,2021-08-13 02:16:08,-43.5333,172.6333,52.32,71,75,8.05
92,Norman Wells,CA,2021-08-13 02:14:13,65.282,-126.8329,68.04,56,90,6.91
93,Fairbanks,US,2021-08-13 02:15:05,64.8378,-147.7164,59.34,85,90,9.22
94,Cervo,ES,2021-08-13 02:17:58,43.6702,-7.4101,60.19,92,34,6.02
95,Pangnirtung,CA,2021-08-13 02:17:59,66.1451,-65.7125,52.66,92,100,7.92
96,Wajima,JP,2021-08-13 02:16:30,37.4,136.9,72.28,94,75,8.05
97,Hithadhoo,MV,2021-08-13 02:13:52,-0.6,73.0833,80.51,76,100,10.22
98,Plettenberg Bay,ZA,2021-08-13 02:17:59,-34.0527,23.3716,51.19,78,89,4.61
99,Point Fortin,TT,2021-08-13 02:17:59,10.1833,-61.6833,77.14,82,100,8.43
100,Hobart,AU,2021-08-13 02:14:19,-42.8794,147.3294,57.06,60,75,3.0
101,Hun,LY,2021-08-13 02:16:15,29.1268,15.9477,82.83,44,0,7.85
102,Sharan,RU,2021-08-13 02:18:00,54.8167,54.0,58.06,43,9,4.18
103,Concepcion,CL,2021-08-13 02:17:54,-36.827,-73.0498,49.8,81,90,4.61
104,Vicosa,BR,2021-08-13 02:18:00,-20.7539,-42.8819,59.47,95,2,4.61
105,Shenkursk,RU,2021-08-13 02:18:01,62.1091,42.896,59.38,97,100,4.92
106,Cururupu,BR,2021-08-13 02:18:01,-1.8283,-44.8683,76.21,95,100,6.69
107,Seravezza,IT,2021-08-13 02:18:01,43.995,10.2287,80.24,81,40,4.47
108,Tual,ID,2021-08-13 02:18:02,-5.6667,132.75,80.49,82,24,21.16
109,Tromso,NO,2021-08-13 02:18:02,69.6496,18.957,54.25,93,75,4.61
110,Bethel,US,2021-08-13 02:14:28,41.3712,-73.414,81.43,76,1,0.0
111,Pleszew,PL,2021-08-13 02:18:02,51.8964,17.7855,61.14,61,95,6.8
112,Lyuban,BY,2021-08-13 02:18:02,52.7985,28.0048,53.15,95,16,7.02
113,Ponta Do Sol,PT,2021-08-13 02:13:35,32.6667,-17.1,72.23,80,8,4.0
114,Port Elizabeth,ZA,2021-08-13 02:11:11,-33.918,25.5701,53.24,65,98,7.52
115,Beyneu,KZ,2021-08-13 02:18:03,45.3167,55.2,74.59,40,0,12.88
116,Yushan,CN,2021-08-13 02:18:03,31.3776,120.9543,85.98,84,100,6.67
117,Acatic,MX,2021-08-13 02:18:04,20.7833,-102.8833,67.33,86,90,1.52
118,Flinders,AU,2021-08-13 02:13:42,-34.5833,150.8552,67.05,49,0,3.0
119,Airai,TL,2021-08-13 02:13:49,-8.9266,125.4092,73.33,48,42,6.26
120,Tiksi,RU,2021-08-13 02:14:25,71.6872,128.8694,48.22,74,97,17.22
121,Pevek,RU,2021-08-13 02:14:39,69.7008,170.3133,40.17,100,100,9.91
122,Matara,LK,2021-08-13 02:18:04,5.9485,80.5353,79.95,82,100,13.27
123,Cabo San Lucas,MX,2021-08-13 02:13:46,22.8909,-109.9124,84.61,77,90,1.99
124,Sokoni,TZ,2021-08-13 02:18:05,-6.4333,39.55,75.18,78,10,11.34
125,Belmonte,BR,2021-08-13 02:18:05,-15.8631,-38.8828,68.5,80,75,6.11
126,Banda Aceh,ID,2021-08-13 02:18:05,5.5577,95.3222,81.82,73,80,9.98
127,Tautira,PF,2021-08-13 02:15:53,-17.7333,-149.15,82.42,76,16,12.86
128,Novouzensk,RU,2021-08-13 02:18:06,50.4592,48.1431,74.95,26,10,14.07
129,Taltal,CL,2021-08-13 02:18:06,-25.4,-70.4833,56.73,75,0,4.27
130,Beringovskiy,RU,2021-08-13 02:18:06,63.05,179.3167,50.11,75,95,11.92
131,Severo-Kurilsk,RU,2021-08-13 02:13:57,50.6789,156.125,57.16,68,2,6.51
132,Luderitz,NA,2021-08-13 02:14:06,-26.6481,15.1594,52.38,70,0,19.89
133,Lebu,CL,2021-08-13 02:14:54,-37.6167,-73.65,46.72,82,0,3.87
134,Mandalay,MM,2021-08-13 02:18:07,21.9747,96.0836,84.29,83,100,9.78
135,Lipari,IT,2021-08-13 02:18:07,38.4674,14.954,80.91,71,0,4.32
136,Poum,NC,2021-08-13 02:16:20,-20.2333,164.0167,71.71,63,34,10.63
137,Norilsk,RU,2021-08-13 02:18:08,69.3535,88.2027,52.68,61,35,5.64
138,Da Nang,VN,2021-08-13 02:18:08,16.0678,108.2208,93.25,52,20,4.61
139,Uvat,RU,2021-08-13 02:18:08,59.1433,68.8953,56.82,69,72,1.99
140,Coahuayana,MX,2021-08-13 02:16:13,18.7333,-103.6833,78.75,85,41,1.59
141,West Wendover,US,2021-08-13 02:18:09,40.7391,-114.0733,92.41,15,1,5.75
142,Faanui,PF,2021-08-13 02:14:47,-16.4833,-151.75,78.98,68,5,12.88
143,Sambava,MG,2021-08-13 02:18:09,-14.2667,50.1667,66.79,89,42,7.11
144,Deputatskiy,RU,2021-08-13 02:12:16,69.3,139.9,60.69,56,99,14.43
145,Vestmanna,FO,2021-08-13 02:18:10,62.1564,-7.1664,52.72,100,75,13.8
146,Provideniya,RU,2021-08-13 02:13:51,64.3833,-173.3,41.11,75,75,13.42
147,Qujing,CN,2021-08-13 02:18:10,25.4833,103.7833,66.49,89,100,5.5
148,Oktyabrskiy,RU,2021-08-13 02:18:10,54.4815,53.471,56.71,43,3,4.65
149,Luena,AO,2021-08-13 02:18:11,-11.7833,19.9167,51.84,25,0,3.67
150,Kodiak,US,2021-08-13 02:14:24,57.79,-152.4072,56.71,72,75,4.61
151,Chicama,PE,2021-08-13 02:18:11,-7.8447,-79.1469,61.34,80,16,6.22
152,Rumonge,BI,2021-08-13 02:18:11,-3.9736,29.4386,73.9,63,58,2.98
153,Bengkulu,ID,2021-08-13 02:14:05,-3.8004,102.2655,79.29,70,100,2.39
154,Neuquen,AR,2021-08-13 02:18:11,-38.9516,-68.0591,48.09,71,0,0.0
155,Hovd,MN,2021-08-13 02:18:12,48.0056,91.6419,70.39,32,93,0.18
156,Kachug,RU,2021-08-13 02:18:12,53.9606,105.8817,73.89,51,53,4.29
157,Fukue,JP,2021-08-13 02:16:36,32.6881,128.8419,77.36,100,75,4.61
158,Saint-Pierre,RE,2021-08-13 02:14:26,-21.3393,55.4781,69.44,68,0,8.05
159,Lorengau,PG,2021-08-13 02:15:33,-2.0226,147.2712,82.24,78,100,7.11
160,Orlik,RU,2021-08-13 02:18:13,52.5178,99.825,56.07,88,100,1.1
161,Kruisfontein,ZA,2021-08-13 02:16:08,-34.0033,24.7314,48.52,75,85,2.51
162,Havoysund,NO,2021-08-13 02:18:13,70.9963,24.6622,52.68,89,96,3.6
163,Erzin,TR,2021-08-13 02:13:47,36.9559,36.2,79.52,72,0,1.43
164,Camacha,PT,2021-08-13 02:13:47,33.0833,-16.3333,69.22,73,40,8.05
165,Ancud,CL,2021-08-13 02:14:21,-41.8697,-73.8203,40.53,89,0,2.89
166,Snezhnogorsk,RU,2021-08-13 02:18:14,69.1933,33.2531,55.18,98,99,8.84
167,Kavieng,PG,2021-08-13 02:14:58,-2.5744,150.7967,81.52,77,100,9.53
168,Sabang,ID,2021-08-13 02:17:07,5.8933,95.3214,81.79,75,65,15.77
169,Khani,GE,2021-08-13 02:18:15,41.9563,42.9566,63.97,95,71,1.72
170,Coatesville,US,2021-08-13 02:14:08,39.9832,-75.8238,85.96,81,1,0.0
171,Katsuura,JP,2021-08-13 02:14:46,35.1333,140.3,77.02,87,100,16.6
172,Matsumoto,JP,2021-08-13 02:18:15,36.2333,137.9667,65.1,100,75,3.44
173,Brigham City,US,2021-08-13 02:13:51,41.5102,-112.0155,94.24,22,1,0.0
174,San Vicente,AR,2021-08-13 02:14:21,-26.6167,-54.1333,49.23,96,100,1.5
175,Titay,PH,2021-08-13 02:18:16,7.8125,122.5344,83.55,72,88,3.13
176,Cassia,BR,2021-08-13 02:13:31,-20.5831,-46.9219,66.47,43,33,2.89
177,Santa Rosa,PH,2021-08-13 02:13:56,14.3122,121.1114,89.1,70,100,4.5
178,Maku,IR,2021-08-13 02:18:16,39.2911,44.4521,69.89,44,80,0.43
179,Port Lincoln,AU,2021-08-13 02:16:03,-34.7333,135.8667,59.81,67,7,10.65
180,Jibuti,DJ,2021-08-13 02:18:17,11.5,42.5,83.62,55,35,2.24
181,Kaeo,NZ,2021-08-13 02:18:17,-35.1,173.7833,60.33,86,100,13.31
182,Hilo,US,2021-08-13 02:13:36,19.7297,-155.09,81.1,74,75,8.05
183,Nakusp,CA,2021-08-13 02:18:18,50.2499,-117.8023,71.94,68,0,1.14
184,Borovoy,RU,2021-08-13 02:18:18,55.4333,86.0833,56.48,88,90,8.95
185,Kalabo,ZM,2021-08-13 02:18:18,-14.97,22.6814,54.7,31,0,4.72
186,Kaifeng,CN,2021-08-13 02:13:50,34.7911,114.3483,71.31,96,100,6.69
187,Carman,CA,2021-08-13 02:18:19,49.4992,-98.0016,62.94,67,38,2.3
188,Hereford,GB,2021-08-13 02:18:19,52.0568,-2.7148,60.91,66,93,9.42
189,Kokorevka,RU,2021-08-13 02:18:19,52.5872,34.2778,53.26,96,0,6.04
190,Jardim,BR,2021-08-13 02:13:34,-21.4803,-56.1381,56.3,67,89,4.41
191,Gamba,GA,2021-08-13 02:18:20,-2.65,10.0,72.28,90,59,2.55
192,Shihezi,CN,2021-08-13 02:18:20,44.3,86.0333,82.29,30,100,15.52
193,Pisco,PE,2021-08-13 02:13:51,-13.7,-76.2167,60.85,82,0,6.91
194,Husavik,IS,2021-08-13 02:15:48,66.0449,-17.3389,49.91,92,20,1.01
195,Agadir,MA,2021-08-13 02:12:06,30.4202,-9.5982,68.45,81,7,1.72
196,Biak,ID,2021-08-13 02:16:37,-0.9131,122.8766,82.04,70,53,6.2
197,Iquitos,PE,2021-08-13 02:18:21,-3.7481,-73.2472,73.44,94,75,3.44
198,Domoni,KM,2021-08-13 02:18:21,-12.2569,44.5319,74.48,77,0,1.9
199,Maarianhamina,AX,2021-08-13 02:18:21,60.0973,19.9348,53.46,100,16,1.14
200,Beipiao,CN,2021-08-13 02:18:22,41.7919,120.7792,71.4,65,8,7.76
201,Anadyr,RU,2021-08-13 02:14:19,64.75,177.4833,48.7,76,20,15.66
202,Palmer,US,2021-08-13 02:13:49,42.1584,-72.3287,76.19,85,75,0.0
203,Puerto Ayora,EC,2021-08-13 02:13:52,-0.7393,-90.3518,69.55,86,13,7.0
204,Russell,US,2021-08-13 02:16:43,32.3502,-85.1999,78.4,83,1,0.0
205,Dalbandin,PK,2021-08-13 02:13:42,28.8947,64.4101,84.78,9,7,1.54
206,Nosy Varika,MG,2021-08-13 02:18:22,-20.5833,48.5333,64.92,90,7,6.51
207,Iqaluit,CA,2021-08-13 02:15:27,63.7506,-68.5145,40.73,100,90,3.44
208,Souillac,MU,2021-08-13 02:14:49,-20.5167,57.5167,71.37,85,17,11.48
209,Usvyaty,RU,2021-08-13 02:18:23,55.7456,30.7533,54.03,98,98,7.36
210,Codrington,AU,2021-08-13 02:14:43,-38.2667,141.9667,57.15,66,5,16.37
211,Bandarbeyla,SO,2021-08-13 02:16:27,9.4942,50.8122,74.82,86,71,22.75
212,Mount Gambier,AU,2021-08-13 02:16:44,-37.8333,140.7667,58.91,63,1,16.11
213,Conceicao Do Araguaia,BR,2021-08-13 02:18:23,-8.2578,-49.2647,80.73,50,0,4.61
214,Caucaia,BR,2021-08-13 02:16:15,-3.7361,-38.6531,80.55,77,40,14.97
215,Hasaki,JP,2021-08-13 02:13:47,35.7333,140.8333,73.8,91,100,1.41
216,Bulgan,MN,2021-08-13 02:18:24,48.8125,103.5347,62.02,84,89,4.25
217,Karasjok,NO,2021-08-13 02:18:25,69.4719,25.5112,44.71,90,100,2.3
218,Hami,CN,2021-08-13 02:18:25,42.8,93.45,88.41,15,7,0.74
219,Itarema,BR,2021-08-13 02:14:19,-2.9248,-39.9167,78.78,82,6,14.7
220,Qiryat Gat,IL,2021-08-13 02:16:23,31.61,34.7642,78.4,73,0,2.75
221,Vao,NC,2021-08-13 02:13:53,-22.6667,167.4833,67.77,66,89,16.28
222,Vostok,RU,2021-08-13 02:18:26,46.4856,135.8833,73.49,39,3,3.6
223,Namatanai,PG,2021-08-13 02:15:35,-3.6667,152.4333,84.04,70,100,7.9
224,Terre Haute,US,2021-08-13 02:16:32,39.4667,-87.4139,71.87,94,1,3.44
225,Yuzhno-Sukhokumsk,RU,2021-08-13 02:18:26,44.6581,45.6436,77.04,60,17,5.46
226,Praia,CV,2021-08-13 02:14:02,14.9215,-23.5087,75.74,78,20,11.5
227,Antalaha,MG,2021-08-13 02:14:34,-14.9003,50.2788,65.71,86,2,5.77
228,Muborak,UZ,2021-08-13 02:18:27,39.2553,65.1528,80.85,27,0,11.81
229,Rabo De Peixe,PT,2021-08-13 02:18:27,37.8,-25.5833,72.91,83,20,11.5
230,Kwekwe,ZW,2021-08-13 02:18:27,-18.9281,29.8149,52.74,65,0,4.36
231,Anori,BR,2021-08-13 02:18:28,-3.7728,-61.6442,79.65,49,77,1.21
232,Muncar,ID,2021-08-13 02:18:28,-8.4333,114.3333,79.21,83,97,4.85
233,Ziro,IN,2021-08-13 02:18:28,27.6333,93.8333,61.54,100,100,0.58
234,Paita,PE,2021-08-13 02:18:28,-5.0892,-81.1144,65.53,83,98,13.73
235,Nautanwa,IN,2021-08-13 02:18:29,27.4333,83.4167,77.07,97,100,6.96
236,Hryshkivtsi,UA,2021-08-13 02:18:29,49.9353,28.6038,53.35,92,0,7.14
237,Hamilton,US,2021-08-13 02:12:41,39.1834,-84.5333,83.59,74,20,1.99
238,Belyy Yar,RU,2021-08-13 02:18:30,53.6039,91.3903,66.09,82,0,2.24
239,Lagoa,PT,2021-08-13 02:15:34,39.05,-27.9833,72.93,82,4,18.41
240,Bambous Virieux,MU,2021-08-13 02:14:22,-20.3428,57.7575,71.22,81,30,12.37
241,Henties Bay,NA,2021-08-13 02:15:47,-22.116,14.2845,52.56,91,10,7.9
242,Yerbogachen,RU,2021-08-13 02:16:37,61.2767,108.0108,74.75,48,100,3.15
243,Peniche,PT,2021-08-13 02:18:30,39.3558,-9.3811,67.48,96,10,13.24
244,San Rafael,AR,2021-08-13 02:18:30,-34.6177,-68.3301,49.62,41,0,6.98
245,Puerto Baquerizo Moreno,EC,2021-08-13 02:18:31,-0.9,-89.6,68.9,76,69,10.8
246,Kholodnyy,RU,2021-08-13 02:18:31,62.7167,147.95,76.86,36,85,12.24
247,Tomatlan,MX,2021-08-13 02:18:31,19.9333,-105.25,77.34,89,34,1.52
248,Saint-Augustin,CA,2021-08-13 02:18:32,51.226,-58.6502,61.48,97,99,3.89
249,Richards Bay,ZA,2021-08-13 02:16:03,-28.783,32.0377,60.73,71,100,18.23
250,Broome,US,2021-08-13 02:15:59,42.2506,-75.833,75.99,90,88,3.11
251,Fuling,CN,2021-08-13 02:18:32,29.7022,107.3919,75.88,98,100,2.84
252,Aasiaat,GL,2021-08-13 02:18:33,68.7098,-52.8699,40.21,80,100,12.62
253,Chateauroux,FR,2021-08-13 02:18:33,46.8167,1.7,66.2,88,0,1.14
254,Kavaratti,IN,2021-08-13 02:15:30,10.5669,72.642,81.68,77,100,17.94
255,Bereda,ES,2021-08-13 02:16:17,43.2686,-7.5406,57.58,100,79,3.38
256,Chunoyar,RU,2021-08-13 02:18:33,57.4467,97.3217,70.41,71,80,2.89
257,Georgetown,MY,2021-08-13 02:15:25,5.4112,100.3354,83.89,79,20,1.01
258,Grindavik,IS,2021-08-13 02:14:01,63.8424,-22.4338,53.56,93,0,13.8
259,Camopi,GF,2021-08-13 02:18:34,3.1655,-52.3158,73.4,98,100,2.3
260,Mabaruma,GY,2021-08-13 02:18:34,8.2,-59.7833,73.67,99,94,2.37
261,Chapais,CA,2021-08-13 02:13:36,49.7834,-74.8492,67.95,59,75,7.76
262,Moanda,GA,2021-08-13 02:18:35,-1.5575,13.2178,72.32,77,97,2.66
263,Torrox,ES,2021-08-13 02:18:35,36.7579,-3.9523,87.91,55,36,3.49
264,Meulaboh,ID,2021-08-13 02:15:52,4.1363,96.1285,78.51,86,100,7.45
265,Wick,GB,2021-08-13 02:18:36,58.4333,-3.0833,55.45,82,20,6.91
266,Si Sa Ket,TH,2021-08-13 02:18:36,14.8333,104.3333,82.9,75,100,11.36
267,Dinguiraye,GN,2021-08-13 02:18:36,11.3,-10.7167,70.75,96,97,2.93
268,Cortez,US,2021-08-13 02:18:37,37.3489,-108.5859,77.76,35,1,0.0
269,Coquimbo,CL,2021-08-13 02:18:37,-29.9533,-71.3436,49.73,81,90,3.44
270,Cabedelo,BR,2021-08-13 02:14:26,-6.9811,-34.8339,72.27,83,3,11.45
271,Lazaro Cardenas,MX,2021-08-13 02:16:14,17.9583,-102.2,80.42,79,100,4.92
272,Vihti,FI,2021-08-13 02:18:38,60.417,24.3197,58.51,95,45,4.0
273,Patuli,IN,2021-08-13 02:18:38,23.55,88.25,84.63,80,100,6.55
274,Luanda,AO,2021-08-13 02:11:24,-8.8368,13.2343,70.99,86,76,6.24
275,Nanortalik,GL,2021-08-13 02:16:31,60.1432,-45.2371,44.35,83,78,8.48
276,Man,CI,2021-08-13 02:16:07,7.4125,-7.5538,71.06,99,100,3.15
277,Port Hedland,AU,2021-08-13 02:16:19,-20.3167,118.5667,78.85,15,0,13.8
278,Limbang,MY,2021-08-13 02:18:39,4.75,115.0,82.71,68,98,3.38
279,Inhambane,MZ,2021-08-13 02:18:39,-23.865,35.3833,65.25,84,0,7.99
280,Dutse,NG,2021-08-13 02:18:39,11.7594,9.3392,69.62,92,100,3.78
281,Imbituba,BR,2021-08-13 02:18:39,-28.24,-48.6703,58.89,92,100,8.5
282,Boa Vista,BR,2021-08-13 02:18:40,2.8197,-60.6733,78.78,89,75,9.22
283,Muyezerskiy,RU,2021-08-13 02:18:40,63.9333,31.65,56.17,85,100,4.97
284,Yelan,RU,2021-08-13 02:18:40,50.949,43.7378,72.23,71,80,7.43
285,Jacareacanga,BR,2021-08-13 02:18:41,-6.2222,-57.7528,83.35,36,100,1.3
286,Lensk,RU,2021-08-13 02:18:41,60.7253,114.9278,77.38,58,73,1.79
287,Batagay-Alyta,RU,2021-08-13 02:16:16,67.8006,130.4114,67.01,37,100,8.81
288,Vestmannaeyjar,IS,2021-08-13 02:18:42,63.4427,-20.2734,53.92,85,100,4.07
289,Alofi,NU,2021-08-13 02:15:36,-19.0595,-169.9187,71.49,83,96,8.05
290,Mabopane,ZA,2021-08-13 02:18:42,-25.4977,28.1007,56.66,30,4,6.42
291,Walvis Bay,NA,2021-08-13 02:13:34,-22.9575,14.5053,51.58,84,2,6.93
292,Hambantota,LK,2021-08-13 02:16:18,6.1241,81.1185,80.78,77,100,18.75
293,Altenholz,DE,2021-08-13 02:18:43,54.4,10.1333,62.37,94,75,2.3
294,Grand Gaube,MU,2021-08-13 02:18:43,-20.0064,57.6608,72.0,84,14,5.01
295,Nalut,LY,2021-08-13 02:18:43,30.3333,10.85,86.22,19,3,9.69
296,Jambi,ID,2021-08-13 02:18:43,-1.6,103.6167,81.88,69,91,4.65
297,Mar Del Plata,AR,2021-08-13 02:13:35,-38.0023,-57.5575,39.22,93,0,5.75
298,Bintulu,MY,2021-08-13 02:18:44,3.1667,113.0333,77.41,100,40,2.3
299,Tafresh,IR,2021-08-13 02:18:44,34.692,50.013,72.54,17,95,3.65
300,Doume,CM,2021-08-13 02:18:44,4.2333,13.45,67.57,94,99,2.62
301,Calama,CL,2021-08-13 02:18:45,-22.4667,-68.9333,45.09,14,1,8.05
302,Cayenne,GF,2021-08-13 02:15:55,4.9333,-52.3333,79.09,86,0,0.0
303,Cerrito,CO,2021-08-13 02:18:45,6.8432,-72.694,51.19,92,79,5.91
304,Sao Miguel Do Araguaia,BR,2021-08-13 02:18:45,-13.275,-50.1628,77.83,27,50,2.19
305,Roma,US,2021-08-13 02:17:22,43.2128,-75.4557,77.43,89,1,3.44
306,Pietarsaari,FI,2021-08-13 02:18:46,63.65,22.6833,58.89,88,53,7.29
307,Queanbeyan,AU,2021-08-13 02:18:46,-35.35,149.2333,57.61,61,0,3.44
308,Talnakh,RU,2021-08-13 02:14:25,69.4865,88.3972,51.15,64,38,7.16
309,Chumikan,RU,2021-08-13 02:18:47,54.7183,135.315,74.79,55,17,12.03
310,Gat,IL,2021-08-13 02:16:23,31.61,34.7642,78.4,73,0,2.75
311,Fortuna,US,2021-08-13 02:14:56,40.5982,-124.1573,64.92,81,20,1.01
312,Kamariotissa,GR,2021-08-13 02:18:47,40.4833,25.4667,78.85,62,0,17.72
313,Konyshevka,RU,2021-08-13 02:18:48,51.8418,35.2941,56.91,93,0,5.99
314,Fare,PF,2021-08-13 02:18:48,-16.7,-151.0167,78.62,72,8,13.82
315,Saldanha,ZA,2021-08-13 02:16:04,-33.0117,17.9442,44.65,72,0,14.76
316,Mariinsk,RU,2021-08-13 02:18:48,56.2139,87.7472,54.3,93,100,5.32
317,Azare,NG,2021-08-13 02:18:49,11.6765,10.1948,69.64,95,97,3.29
318,Goundi,TD,2021-08-13 02:18:49,9.3627,17.366,69.48,98,100,1.59
319,Teya,RU,2021-08-13 02:18:49,60.3778,92.6267,61.18,97,100,1.63
320,Manuk Mangkaw,PH,2021-08-13 02:18:50,4.8,119.85,82.45,78,88,7.7
321,Balclutha,NZ,2021-08-13 02:18:50,-46.2339,169.75,52.72,61,5,5.79
322,Bouca,CF,2021-08-13 02:18:50,6.5105,18.2733,69.28,98,100,3.18
323,Tacuarembo,UY,2021-08-13 02:18:51,-31.7333,-55.9833,42.42,91,89,4.74
324,Narsaq,GL,2021-08-13 02:14:31,60.9167,-46.05,46.62,77,77,1.48
325,Honningsvag,NO,2021-08-13 02:14:04,70.9821,25.9704,51.71,89,97,6.02
326,Vardo,NO,2021-08-13 02:14:48,70.3705,31.1107,51.17,91,100,7.16
327,Saint George,US,2021-08-13 02:12:14,37.1041,-113.5841,96.44,23,20,11.01
328,Dunkirk,FR,2021-08-13 02:18:51,51.05,2.3667,60.48,87,3,9.8
329,Sabha,LY,2021-08-13 02:18:52,27.0377,14.4283,87.06,18,0,10.51
330,Salym,RU,2021-08-13 02:18:52,60.0625,71.4789,57.2,69,99,2.66
331,Kenai,US,2021-08-13 02:18:52,60.5544,-151.2583,66.02,70,1,17.27
332,Yoichi,JP,2021-08-13 02:18:53,43.2039,140.7703,73.44,64,26,9.13
333,San Cristobal,VE,2021-08-13 02:18:53,7.7669,-72.225,73.58,97,95,2.89
334,Marion,US,2021-08-13 02:18:53,39.7684,-86.1555,76.57,86,90,5.75
335,Oranjemund,NA,2021-08-13 02:18:54,-28.55,16.4333,50.36,76,0,15.7
336,Avera,US,2021-08-13 02:18:54,33.194,-82.5271,84.07,59,0,5.84
337,Scottsbluff,US,2021-08-13 02:18:54,41.8666,-103.6672,76.32,39,1,1.99
338,Adrar,MR,2021-08-13 02:15:50,20.5022,-10.0711,92.17,12,90,17.4
339,Shelburne,CA,2021-08-13 02:15:07,44.0787,-80.2041,73.85,72,7,8.46
340,Ligayan,PH,2021-08-13 02:18:55,4.6533,119.4706,82.6,76,29,6.58
341,Cherskiy,RU,2021-08-13 02:14:02,68.75,161.3,59.04,75,100,8.41
342,Soe,ID,2021-08-13 02:18:55,-9.8607,124.284,79.75,48,7,11.56
343,Inuvik,CA,2021-08-13 02:18:56,68.3499,-133.7218,52.66,93,90,3.44
344,Saquena,PE,2021-08-13 02:14:54,-4.6667,-73.5167,74.5,89,99,4.25
345,Kutum,SD,2021-08-13 02:18:56,14.2,24.6667,73.31,72,45,0.69
346,Guerrero Negro,MX,2021-08-13 02:14:08,27.9769,-114.0611,81.07,70,8,12.39
347,Padang,ID,2021-08-13 02:15:37,-0.9492,100.3543,80.65,72,51,0.92
348,Coffs Harbour,AU,2021-08-13 02:15:36,-30.3,153.1333,67.14,72,90,5.75
349,Coruripe,BR,2021-08-13 02:15:43,-10.1256,-36.1756,72.52,84,48,8.23
350,Surany,SK,2021-08-13 02:18:57,48.0861,18.1845,68.95,68,79,7.9
351,Chifeng,CN,2021-08-13 02:18:57,42.2683,118.9636,64.09,81,100,4.68
352,Tiarei,PF,2021-08-13 02:18:58,-17.5333,-149.3333,82.42,76,11,11.79
353,Tilichiki,RU,2021-08-13 02:16:07,60.4667,166.1,64.24,61,21,8.05
354,Abu Dhabi,AE,2021-08-13 02:17:56,24.4667,54.3667,89.62,84,59,5.75
355,Phibun Mangsahan,TH,2021-08-13 02:18:58,15.2447,105.2291,82.38,77,100,11.32
356,Hastings,GB,2021-08-13 02:18:32,50.8552,0.5729,62.01,97,52,11.21
357,Mangan,IN,2021-08-13 02:18:59,27.5167,88.5333,77.85,90,98,0.74
358,Skjervoy,NO,2021-08-13 02:18:59,70.0311,20.9714,52.88,91,100,7.0
359,Lasa,IT,2021-08-13 02:14:32,46.6166,10.7002,65.03,79,75,1.36
360,Qaqortoq,GL,2021-08-13 02:13:39,60.7167,-46.0333,46.9,85,68,5.14
361,Kudat,MY,2021-08-13 02:18:59,6.8837,116.8477,87.73,70,20,4.61
362,Waitati,NZ,2021-08-13 02:15:49,-45.75,170.5667,57.79,46,0,2.26
363,Ketchikan,US,2021-08-13 02:16:26,55.3422,-131.6461,70.54,70,31,5.88
364,Iralaya,HN,2021-08-13 02:19:00,15.0,-83.2333,79.36,82,94,6.46
365,Svetlaya,RU,2021-08-13 02:19:01,46.5389,138.3297,65.91,62,1,6.08
366,Port Blair,IN,2021-08-13 02:16:12,11.6667,92.75,83.39,75,100,13.0
367,Shache,CN,2021-08-13 02:19:01,38.4167,77.2406,79.72,29,0,9.62
368,Guaruja,BR,2021-08-13 02:19:01,-23.9931,-46.2564,65.8,92,100,13.67
369,Kroya,ID,2021-08-13 02:19:02,-7.6331,109.2461,78.67,82,97,6.58
370,Nara,JP,2021-08-13 02:19:02,34.6851,135.8049,79.97,89,100,3.49
371,Okhotsk,RU,2021-08-13 02:19:02,59.3833,143.3,64.24,78,100,6.69
372,Kernersville,US,2021-08-13 02:19:03,36.1199,-80.0736,77.25,74,40,0.0
373,Eyl,SO,2021-08-13 02:19:03,7.9803,49.8164,75.13,81,56,16.44
374,Itoman,JP,2021-08-13 02:19:03,26.1247,127.6694,86.38,84,75,16.11
375,Pangai,TO,2021-08-13 02:19:04,-19.8,-174.35,73.51,64,40,13.8
376,Smithers,CA,2021-08-13 02:15:12,54.7804,-127.1743,84.52,32,20,9.22
377,Maragogi,BR,2021-08-13 02:15:43,-9.0122,-35.2225,72.27,85,10,5.08
378,Agar,IN,2021-08-13 02:19:04,23.7,76.0167,74.88,84,100,10.09
379,Altay,CN,2021-08-13 02:19:04,47.8667,88.1167,77.16,31,100,7.16
380,Nemuro,JP,2021-08-13 02:19:05,43.3236,145.575,64.83,70,30,6.04
381,Nyurba,RU,2021-08-13 02:19:05,63.2842,118.3319,70.43,54,95,3.47
382,Rio Brilhante,BR,2021-08-13 02:19:06,-21.8019,-54.5464,61.79,66,4,7.07
383,Sabanalarga,CO,2021-08-13 02:19:06,10.6296,-74.9206,83.07,91,55,5.23
384,Kendal,GB,2021-08-13 02:16:28,54.3268,-2.7476,61.95,86,98,14.63
385,Valsamata,GR,2021-08-13 02:19:07,38.1667,20.6,71.08,66,0,3.04
386,Carutapera,BR,2021-08-13 02:19:07,-1.195,-46.02,78.82,88,100,8.41
387,Aden,YE,2021-08-13 02:18:25,12.7794,45.0367,85.21,66,70,5.93
388,Srednekolymsk,RU,2021-08-13 02:12:17,67.45,153.6833,70.14,60,100,6.46
389,Lavrentiya,RU,2021-08-13 02:14:49,65.5833,-171.0,44.82,60,81,10.2
390,Ergani,TR,2021-08-13 02:19:08,38.2653,39.7621,68.72,50,0,6.46
391,Semnan,IR,2021-08-13 02:19:08,35.5729,53.3971,81.77,30,0,4.12
392,Kysyl-Syr,RU,2021-08-13 02:19:09,63.8986,122.7617,76.57,41,40,4.25
393,Griffith,US,2021-08-13 02:19:09,41.5284,-87.4237,77.04,78,1,1.01
394,Ponta Delgada,PT,2021-08-13 02:14:11,37.7333,-25.6667,74.12,83,40,11.5
395,Shingu,JP,2021-08-13 02:11:04,33.7333,135.9833,79.92,89,100,9.42
396,Sao Jose Da Coroa Grande,BR,2021-08-13 02:19:09,-8.8978,-35.1478,72.64,84,10,5.7
397,Vallenar,CL,2021-08-13 02:19:10,-28.5708,-70.7581,51.98,75,0,0.87
398,Saint-Joseph,RE,2021-08-13 02:16:06,-21.3667,55.6167,68.36,81,19,4.54
399,Alice Springs,AU,2021-08-13 02:19:10,-23.7,133.8833,60.35,27,0,13.8
400,Puerto Narino,CO,2021-08-13 02:19:10,-3.7703,-70.3831,71.55,93,100,3.76
401,Olafsvik,IS,2021-08-13 02:19:11,64.8945,-23.7142,54.77,86,23,5.37
402,Santa Isabel Do Rio Negro,BR,2021-08-13 02:19:11,-0.4139,-65.0192,75.02,92,100,2.71
403,Camargo,MX,2021-08-13 02:19:11,27.6667,-105.1667,70.84,72,100,17.52
404,College,US,2021-08-13 02:19:11,64.8569,-147.8028,59.32,85,75,6.91
405,Pokosnoye,RU,2021-08-13 02:19:12,55.5258,101.0536,63.01,85,100,1.3
406,Labuhan,ID,2021-08-13 02:16:37,-6.8844,112.2051,83.32,66,98,6.71
407,Pacific Grove,US,2021-08-13 02:19:12,36.6177,-121.9166,86.14,81,1,1.99
408,Dongsheng,CN,2021-08-13 02:16:30,39.8161,109.9776,75.45,34,0,5.26
409,Lichuan,CN,2021-08-13 02:19:13,30.3,108.85,67.75,99,100,1.99
410,Marienburg,PL,2021-08-13 02:19:13,54.0359,19.0266,59.88,88,12,4.25
411,Bom Jesus,BR,2021-08-13 02:19:13,-9.0744,-44.3586,72.54,43,10,2.24
412,Kitgum,UG,2021-08-13 02:19:14,3.2783,32.8867,67.78,85,69,2.77
413,Korla,CN,2021-08-13 02:19:14,41.7597,86.1469,86.0,23,78,3.44
414,Atar,MR,2021-08-13 02:16:39,20.5169,-13.0499,93.4,14,99,11.39
415,Eureka,US,2021-08-13 02:13:11,40.8021,-124.1637,65.19,80,67,1.99
416,Huangmei,CN,2021-08-13 02:19:15,30.1924,116.025,76.44,99,100,1.03
417,Noumea,NC,2021-08-13 02:19:15,-22.2763,166.4572,76.98,57,89,12.08
418,Luba,GQ,2021-08-13 02:19:15,3.4568,8.5547,77.38,86,100,8.55
419,Yulara,AU,2021-08-13 02:15:42,-25.2406,130.9889,62.44,27,0,19.57
420,Sirjan,IR,2021-08-13 02:19:16,29.452,55.6814,74.62,13,5,4.92
421,Berbera,SO,2021-08-13 02:16:15,10.4396,45.0143,89.6,46,33,8.86
422,Malanje,AO,2021-08-13 02:19:16,-9.5402,16.341,62.37,80,8,3.98
423,Zonguldak,TR,2021-08-13 02:19:17,41.25,31.8333,58.05,94,39,3.36
424,Aksarka,RU,2021-08-13 02:19:17,66.5606,67.7975,57.34,88,100,9.73
425,Deer Lake,CA,2021-08-13 02:15:11,49.1667,-57.4316,67.86,83,75,3.44
426,Kem,RU,2021-08-13 02:19:17,64.9555,34.5793,55.81,81,100,4.94
427,Sakakah,SA,2021-08-13 02:16:27,29.9697,40.2064,83.77,22,0,4.47
428,Srivardhan,IN,2021-08-13 02:19:18,18.0333,73.0167,79.32,81,94,3.36
429,Lucea,JM,2021-08-13 02:19:18,18.451,-78.1736,82.26,76,30,4.52
430,Brae,GB,2021-08-13 02:19:18,60.3964,-1.353,55.31,91,53,8.77
431,Nipawin,CA,2021-08-13 02:16:40,53.3668,-104.0009,60.84,48,1,8.05
432,Curvelo,BR,2021-08-13 02:19:19,-18.7564,-44.4308,66.79,47,0,5.06
433,Monrovia,LR,2021-08-13 02:19:19,6.3005,-10.7969,76.77,86,100,13.24
434,Ornskoldsvik,SE,2021-08-13 02:19:20,63.2909,18.7153,53.42,100,84,4.61
435,Hirara,JP,2021-08-13 02:15:24,24.8,125.2833,84.47,84,75,20.71
436,Guymon,US,2021-08-13 02:19:20,36.6828,-101.4816,82.4,47,1,5.75
437,Thamaga,BW,2021-08-13 02:19:20,-24.6701,25.5397,45.63,27,0,5.97
438,Isangel,VU,2021-08-13 02:14:57,-19.55,169.2667,77.11,61,40,12.66
439,Edmundston,CA,2021-08-13 02:19:21,47.3737,-68.3251,73.74,89,20,2.3
440,Ridgecrest,US,2021-08-13 02:18:23,35.6225,-117.6709,105.66,14,1,1.01
441,Mae Ramat,TH,2021-08-13 02:19:21,16.984,98.5166,80.92,96,100,0.65
442,Quatre Cocos,MU,2021-08-13 02:19:22,-20.2078,57.7625,71.71,81,38,12.06
443,Abha,SA,2021-08-13 02:19:22,18.2164,42.5053,64.22,72,0,0.0
444,Kawalu,ID,2021-08-13 02:19:22,-7.3817,108.2082,75.36,86,98,1.7
445,Tashla,RU,2021-08-13 02:19:22,51.7716,52.7427,60.28,42,0,8.14
446,Mortka,RU,2021-08-13 02:19:23,59.3322,66.0214,57.52,73,98,3.09
447,Thinadhoo,MV,2021-08-13 02:13:38,0.5333,72.9333,81.25,76,100,17.45
448,Arman,RU,2021-08-13 02:16:11,59.7,150.1667,59.7,78,45,7.02
449,Erenhot,CN,2021-08-13 02:19:23,43.6475,111.9767,79.41,26,82,16.08
450,Rurrenabaque,BO,2021-08-13 02:19:24,-14.4413,-67.5278,63.95,62,40,2.62
451,Paamiut,GL,2021-08-13 02:14:38,61.994,-49.6678,43.88,83,82,10.07
452,Torit,SS,2021-08-13 02:19:24,4.4133,32.5678,68.0,91,20,2.68
453,Manati,PR,2021-08-13 02:19:24,18.4275,-66.4921,82.47,81,100,10.58
454,Sungaipenuh,ID,2021-08-13 02:19:25,-2.0833,101.3833,70.2,73,97,1.5
455,Whitehorse,CA,2021-08-13 02:15:11,60.7161,-135.0538,63.37,67,90,10.36
456,Mhango,TZ,2021-08-13 02:19:25,-3.2833,32.85,69.42,66,83,1.61
457,Sorong,ID,2021-08-13 02:19:25,-0.8833,131.25,81.93,76,21,1.72
458,Jalor,IN,2021-08-13 02:19:26,25.35,72.6167,82.54,66,73,11.9
459,Chengde,CN,2021-08-13 02:19:26,40.9725,117.9361,71.38,83,80,2.68
460,Cidreira,BR,2021-08-13 02:16:05,-30.1811,-50.2056,56.41,80,100,7.36
461,Raymond Terrace,AU,2021-08-13 02:19:27,-32.75,151.75,70.2,67,40,5.75
462,Tanggu,CN,2021-08-13 02:19:27,39.0211,117.6469,82.36,66,72,7.81
463,Lae,PG,2021-08-13 02:19:27,-6.7221,146.9847,84.63,62,94,6.89
464,Ahuimanu,US,2021-08-13 02:19:27,21.4447,-157.8378,89.31,62,40,10.36
465,San Jeronimo,PE,2021-08-13 02:19:28,-11.9472,-75.2829,50.43,70,28,2.86
466,Pontianak,ID,2021-08-13 02:17:40,-0.0333,109.3333,80.58,89,75,4.61
467,Nishihara,JP,2021-08-13 02:19:28,26.1842,127.7558,85.66,84,75,14.97
468,Necochea,AR,2021-08-13 02:15:00,-38.5473,-58.7368,39.81,72,0,9.53
469,Tay Ninh,VN,2021-08-13 02:19:29,11.3,106.1,86.45,66,53,8.81
470,Khasan,RU,2021-08-13 02:19:29,42.4308,130.6434,66.92,89,100,17.98
471,Massena,US,2021-08-13 02:19:29,44.9281,-74.8919,75.61,83,1,10.36
472,Novyy Urgal,RU,2021-08-13 02:19:30,51.0736,132.5642,73.35,58,0,0.34
473,Glasgow,GB,2021-08-13 02:17:50,55.8652,-4.2576,57.22,86,40,5.75
474,Aleksandrov Gay,RU,2021-08-13 02:19:30,50.147,48.5704,75.49,25,10,13.02
475,Cornwall,CA,2021-08-13 02:19:30,45.0181,-74.7281,75.58,83,1,10.36
476,Ganzhou,CN,2021-08-13 02:19:31,28.8184,115.4327,82.26,88,100,4.27
477,Marawi,PH,2021-08-13 02:19:31,7.9986,124.2928,75.65,73,69,2.01
478,Yumen,CN,2021-08-13 02:16:09,40.2833,97.2,80.8,21,0,8.08
479,Bosansko Grahovo,BA,2021-08-13 02:19:32,44.1794,16.3639,67.86,52,0,5.08
480,Puerto Penasco,MX,2021-08-13 02:19:32,31.3167,-113.5333,87.91,76,2,8.01
481,Ploemeur,FR,2021-08-13 02:19:32,47.7333,-3.4333,60.94,96,57,4.61
482,Novikovo,RU,2021-08-13 02:19:33,51.1537,37.8879,64.36,67,100,9.64
483,Laguna,US,2021-08-13 02:19:33,38.421,-121.4238,96.24,40,1,7.0
484,Longyearbyen,SJ,2021-08-13 02:14:43,78.2186,15.6401,40.84,100,75,10.36
485,Oistins,BB,2021-08-13 02:19:33,13.0667,-59.5333,78.89,89,40,8.05
486,Tuktoyaktuk,CA,2021-08-13 02:14:54,69.4541,-133.0374,41.92,95,100,12.37
487,San Carlos De Bariloche,AR,2021-08-13 02:19:34,-41.1456,-71.3082,31.75,64,0,5.75
488,Point Pleasant,US,2021-08-13 02:19:34,40.0832,-74.0682,88.23,66,1,3.0
489,Lata,PT,2021-08-13 02:15:46,40.1629,-8.3327,63.01,91,10,2.33
490,Lindi,TZ,2021-08-13 02:19:34,-10.0,39.7167,62.96,95,1,4.5
491,Honiara,SB,2021-08-13 02:16:18,-9.4333,159.95,81.72,81,99,9.42
492,Sinop,TR,2021-08-13 02:19:35,41.7711,34.8709,61.2,83,48,8.05
493,Kununurra,AU,2021-08-13 02:14:56,-15.7667,128.7333,89.58,22,0,12.66
494,Santa Luzia,BR,2021-08-13 02:19:35,-19.7697,-43.8514,65.3,67,0,0.0
495,Chiredzi,ZW,2021-08-13 02:19:36,-21.05,31.6667,60.66,43,0,4.0
496,Mogadishu,SO,2021-08-13 02:19:36,2.0371,45.3438,75.79,87,50,14.36
497,Mpulungu,ZM,2021-08-13 02:19:36,-8.7623,31.1141,70.0,50,0,5.1
498,Bialystok,PL,2021-08-13 02:19:01,53.1333,23.15,51.21,91,0,3.62
499,Babu,CN,2021-08-13 02:19:37,24.4167,111.5167,85.55,75,98,4.36
500,Kholm-Zhirkovskiy,RU,2021-08-13 02:19:37,55.5189,33.4731,55.09,97,100,9.48
501,Sitka,US,2021-08-13 02:13:58,57.0531,-135.33,62.49,88,90,10.36
502,Xiongyue,CN,2021-08-13 02:19:37,40.1774,122.1228,74.95,67,0,13.38
503,Tadine,NC,2021-08-13 02:14:19,-21.55,167.8833,71.92,55,28,15.1
504,Muzaffargarh,PK,2021-08-13 02:19:38,30.0754,71.1921,86.02,48,15,17.16
505,San Quintin,MX,2021-08-13 02:15:40,30.4833,-115.95,75.54,70,0,7.23
506,Maridi,SS,2021-08-13 02:19:38,4.9158,29.4742,65.68,96,11,0.81
507,Haapiti,PF,2021-08-13 02:19:38,-17.5667,-149.8667,82.13,70,0,12.75
508,Asfi,MA,2021-08-13 02:15:51,32.2994,-9.2372,70.7,86,6,9.69
509,Nenjiang,CN,2021-08-13 02:19:39,49.1833,125.2167,68.18,77,82,6.17
510,Kajaani,FI,2021-08-13 02:19:39,64.2273,27.7285,46.45,93,73,2.3
511,Polunochnoye,RU,2021-08-13 02:19:39,60.8697,60.4153,55.18,71,91,3.04
512,Atherton,GB,2021-08-13 02:19:40,53.5237,-2.4935,60.22,84,14,1.99
513,Nambour,AU,2021-08-13 02:19:40,-26.6333,152.95,79.34,59,12,1.99
514,Lumeje,AO,2021-08-13 02:19:40,-11.55,20.7833,59.16,21,6,4.56
515,Ngara,TZ,2021-08-13 02:19:41,-2.5122,30.6558,64.22,63,92,1.81
516,Itaituba,BR,2021-08-13 02:19:41,-4.2761,-55.9836,78.22,52,72,1.48
517,Nguru,NG,2021-08-13 02:19:41,12.8791,10.4526,71.47,91,99,5.91
518,Great Yarmouth,GB,2021-08-13 02:19:42,52.6083,1.7305,59.25,89,32,10.38
519,Ekibastuz,KZ,2021-08-13 02:19:42,51.6667,75.3667,54.39,82,100,17.47
520,Kamenka,RU,2021-08-13 02:19:42,51.3223,42.7678,66.61,95,32,7.85
521,Wanning,CN,2021-08-13 02:14:20,18.8003,110.3967,85.32,72,100,10.04
522,Kormilovka,RU,2021-08-13 02:19:43,55.0026,74.1028,51.55,71,22,11.12
523,Manzhouli,CN,2021-08-13 02:19:43,49.6,117.4333,56.82,95,98,11.81
524,Rivera,UY,2021-08-13 02:19:44,-30.9053,-55.5508,45.12,82,100,8.5
525,Sechura,PE,2021-08-13 02:16:29,-5.5569,-80.8222,65.43,80,34,13.38
526,Foumbot,CM,2021-08-13 02:19:44,5.5079,10.6356,62.11,97,100,2.19
527,Santa,PH,2021-08-13 02:19:44,17.486,120.4348,80.2,79,100,2.35
528,Chimbote,PE,2021-08-13 02:19:45,-9.0853,-78.5783,62.47,85,80,10.16
529,Opuwo,NA,2021-08-13 02:19:42,-18.0607,13.84,58.26,44,0,2.86
530,Marina,US,2021-08-13 02:18:41,36.6844,-121.8022,86.58,80,1,5.75
531,Samarai,PG,2021-08-13 02:14:59,-10.6167,150.6667,78.82,85,98,14.43
532,Halden,NO,2021-08-13 02:19:45,59.1226,11.3871,64.9,94,98,5.48
533,Camacari,BR,2021-08-13 02:19:46,-12.6975,-38.3242,76.77,83,7,4.74
534,Lockhart,US,2021-08-13 02:19:46,28.6194,-81.4426,82.71,78,1,1.01
535,Juneau,US,2021-08-13 02:19:46,58.3019,-134.4197,69.85,96,90,8.99
536,Elizabethtown,US,2021-08-13 02:19:47,37.694,-85.8591,83.08,73,1,3.44
537,Bonthe,SL,2021-08-13 02:19:47,7.5264,-12.505,76.73,89,100,8.79
538,Belen,TR,2021-08-13 02:19:47,36.4891,36.2233,73.54,78,0,11.5
539,Basavakalyan,IN,2021-08-13 02:19:47,17.8667,76.95,75.51,77,100,10.13
540,Horodok,UA,2021-08-13 02:19:48,49.1637,26.5839,51.51,83,0,5.03
541,La Ronge,CA,2021-08-13 02:15:38,55.1001,-105.2842,57.45,51,20,3.44
542,Pangody,RU,2021-08-13 02:19:48,65.85,74.4859,63.01,57,100,10.74
543,Bousso,TD,2021-08-13 02:14:42,10.4795,16.7117,72.05,91,100,4.12
544,Kawanishi,JP,2021-08-13 02:19:49,34.8167,135.4167,80.47,100,75,5.75
545,Taksimo,RU,2021-08-13 02:19:49,56.3444,114.8794,70.7,66,51,2.71
546,Bhan,PK,2021-08-13 02:19:49,26.5583,67.7214,89.02,53,50,8.52
547,Floro,NO,2021-08-13 02:19:50,61.5996,5.0328,58.96,82,20,11.5
548,Krasnogvardeyskiy,RU,2021-08-13 02:19:50,57.3793,62.3195,55.38,75,100,2.46
549,Moussoro,TD,2021-08-13 02:19:50,13.6408,16.4901,75.72,87,100,7.58
550,Dudinka,RU,2021-08-13 02:19:51,69.4058,86.1778,53.37,61,99,11.54
551,Quesnel,CA,2021-08-13 02:14:37,52.9999,-122.5029,81.0,41,0,3.24
552,Anito,PH,2021-08-13 02:19:51,12.4497,125.2886,86.23,64,98,3.27
553,Viedma,AR,2021-08-13 02:19:51,-40.8135,-62.9967,45.75,51,0,13.42
554,Pontiac,US,2021-08-13 02:15:17,42.6389,-83.2911,79.79,81,40,5.99
555,Tuatapere,NZ,2021-08-13 02:15:38,-46.1333,167.6833,52.83,64,15,3.4
556,Palermo,IT,2021-08-13 02:19:52,37.8167,13.5833,77.05,36,0,0.34
557,Ngawi,ID,2021-08-13 02:19:52,-7.4038,111.4461,85.3,59,12,6.58
558,Warrnambool,AU,2021-08-13 02:19:52,-38.3833,142.4833,57.81,68,1,18.48
559,Okha,RU,2021-08-13 02:16:46,53.5739,142.9478,70.97,56,70,8.72
560,Bud,US,2021-08-13 02:19:53,39.447,-86.1758,75.56,89,91,6.08
561,Ahipara,NZ,2021-08-13 02:09:39,-35.1667,173.1667,57.34,90,100,13.51
562,San Miguelito,PA,2021-08-13 02:19:53,9.0333,-79.5,78.24,96,40,1.14
563,Akalkot,IN,2021-08-13 02:19:54,17.5333,76.2167,76.84,75,100,13.58
564,Rio Gallegos,AR,2021-08-13 02:14:07,-51.6226,-69.2181,44.65,65,0,13.8
565,Yushu,CN,2021-08-13 02:19:54,44.8,126.5333,62.11,96,100,4.94
566,Bodden Town,KY,2021-08-13 02:19:54,19.2833,-81.25,84.2,85,20,4.61
567,Mitu,CO,2021-08-13 02:19:55,1.1983,-70.1733,70.84,94,100,0.6
568,Belaya Gora,RU,2021-08-13 02:19:55,68.5333,146.4167,68.79,61,97,9.84
569,Hazorasp,UZ,2021-08-13 02:19:55,41.3194,61.0742,69.64,33,0,12.33
570,Clyde River,CA,2021-08-13 02:13:55,70.4692,-68.5914,37.63,100,90,12.66
571,Malakal,SS,2021-08-13 02:19:56,9.5334,31.6605,72.01,93,100,3.11
572,The Valley,AI,2021-08-13 02:19:56,18.217,-63.0578,82.81,77,70,20.6
573,Grand-Santi,GF,2021-08-13 02:19:56,4.25,-54.3833,73.29,97,98,2.21
574,Omsukchan,RU,2021-08-13 02:16:21,62.5333,155.8,72.27,44,87,5.79
575,Benemerito De Las Americas,MX,2021-08-13 02:19:57,16.5167,-90.6439,74.86,90,51,2.62
576,Irbeyskoye,RU,2021-08-13 02:19:57,55.6428,95.4522,62.69,83,100,1.52
577,Mehamn,NO,2021-08-13 02:19:57,71.0357,27.8492,51.89,89,100,1.59
578,Itigi,TZ,2021-08-13 02:19:58,-5.7,34.4833,60.53,69,61,5.82
579,Pitimbu,BR,2021-08-13 02:19:58,-7.4706,-34.8086,72.19,84,4,10.25
580,Cap Malheureux,MU,2021-08-13 02:14:33,-19.9842,57.6142,71.47,84,15,5.01
581,Kushima,JP,2021-08-13 02:19:58,31.4583,131.2333,81.23,97,100,12.01
582,Port Moresby,PG,2021-08-13 02:18:01,-9.4431,147.1797,81.9,74,99,6.29
